{"cameraMode":{"drawMode":0,"name":"Shaded","section":"Shading Mode"},"sceneLighting":false,"audioPlay":false,"sceneViewState":{"showFog":true,"showMaterialUpdate":false,"showSkybox":true,"showFlares":true,"showImageEffects":true,"showParticleSystems":true},"in2DMode":false,"pivot":{"x":-4.362761974334717,"y":-2.2203664779663088,"z":0.06234040483832359},"rotation":{"x":-0.15883418917655946,"y":0.6898350715637207,"z":-0.15918771922588349,"w":-0.6881800889968872},"size":7.065025806427002,"orthographic":false}