{"cameraMode":{"drawMode":0,"name":"Shaded","section":"Shading Mode"},"sceneLighting":false,"audioPlay":false,"sceneViewState":{"showFog":true,"showMaterialUpdate":false,"showSkybox":true,"showFlares":true,"showImageEffects":true,"showParticleSystems":true},"in2DMode":false,"pivot":{"x":-7.05724573135376,"y":-4.520210266113281,"z":-1.4569638967514039},"rotation":{"x":-0.1907203197479248,"y":0.7280648350715637,"z":-0.22425739467144013,"w":-0.6191071271896362},"size":11.671928405761719,"orthographic":false}