{"cameraMode":{"drawMode":0,"name":"Shaded","section":"Shading Mode"},"sceneLighting":false,"audioPlay":false,"sceneViewState":{"showFog":true,"showMaterialUpdate":false,"showSkybox":true,"showFlares":true,"showImageEffects":true,"showParticleSystems":true},"in2DMode":false,"pivot":{"x":1.6591233015060425,"y":-0.5886251926422119,"z":-12.953182220458985},"rotation":{"x":0.007828259840607643,"y":0.9912770986557007,"z":-0.07032131403684616,"w":0.11165215075016022},"size":14.491005897521973,"orthographic":false}