{"cameraMode":{"drawMode":0,"name":"Shaded","section":"Shading Mode"},"sceneLighting":false,"audioPlay":false,"sceneViewState":{"showFog":true,"showMaterialUpdate":false,"showSkybox":true,"showFlares":true,"showImageEffects":true,"showParticleSystems":true},"in2DMode":false,"pivot":{"x":20.461212158203126,"y":-2.6706933975219728,"z":8.476956367492676},"rotation":{"x":0.003576230723410845,"y":0.9866921305656433,"z":-0.1615767627954483,"w":0.023035800084471704},"size":10.779661178588868,"orthographic":false}