{"cameraMode":{"drawMode":0,"name":"Shaded","section":"Shading Mode"},"sceneLighting":false,"audioPlay":false,"sceneViewState":{"showFog":true,"showMaterialUpdate":false,"showSkybox":true,"showFlares":true,"showImageEffects":true,"showParticleSystems":true},"in2DMode":false,"pivot":{"x":-25.20594024658203,"y":1.100000023841858,"z":0.20002251863479615},"rotation":{"x":0.030234573408961297,"y":0.9489627480506897,"z":-0.09599819034337998,"w":0.29910731315612795},"size":3.7770230770111086,"orthographic":false}