{"cameraMode":{"drawMode":0,"name":"Shaded","section":"Shading Mode"},"sceneLighting":false,"audioPlay":false,"sceneViewState":{"showFog":true,"showMaterialUpdate":false,"showSkybox":true,"showFlares":true,"showImageEffects":true,"showParticleSystems":true},"in2DMode":false,"pivot":{"x":-23.869455337524415,"y":1.6637393236160279,"z":46.205841064453128},"rotation":{"x":0.21951960027217866,"y":0.7673366069793701,"z":-0.33747830986976626,"w":0.4992709457874298},"size":6.062315940856934,"orthographic":false}