{"cameraMode":{"drawMode":0,"name":"Shaded","section":"Shading Mode"},"sceneLighting":false,"audioPlay":false,"sceneViewState":{"showFog":true,"showMaterialUpdate":false,"showSkybox":true,"showFlares":true,"showImageEffects":true,"showParticleSystems":true},"in2DMode":false,"pivot":{"x":5.549509525299072,"y":-2.4803812503814699,"z":0.33005544543266299},"rotation":{"x":-0.15614111721515656,"y":-0.6886821985244751,"z":0.1556745171546936,"w":-0.6907458901405335},"size":9.33929443359375,"orthographic":false}