{"cameraMode":{"drawMode":0,"name":"Shaded","section":"Shading Mode"},"sceneLighting":false,"audioPlay":false,"sceneViewState":{"m_AlwaysRefresh":false,"showFog":true,"showSkybox":false,"showFlares":true,"showImageEffects":true,"showParticleSystems":true,"showVisualEffectGraphs":true,"m_FxEnabled":true},"in2DMode":false,"pivot":{"x":0.09670650959014893,"y":-0.06460320949554444,"z":0.24841678142547608},"rotation":{"x":-0.38244059681892397,"y":-0.1657630056142807,"z":0.06995370984077454,"w":-0.9063047766685486},"size":0.8718371391296387,"orthographic":false}